HMM,Time
XYNA_THEMA,1248.312576
GLGC_BURP8,732.972160
H6_ONCMY,166.041104
XYLG_YERPA,8143.416832
BP40_BPPHE,281.929408
MURD_CUPMC,1265.507456
NTPA_BRASB,404.570080
RS14_ACICJ,232.890720
RIMO_BDEBA,742.838080
FDFT_USTMA,711.932224
PROF1_STRPU,243.370688
SMAG1_RAT,744.921536
HTPX_SERP5,487.779520
CLPB_ECOL6,2657.508352
YO13_BPHC1,271.948096
